county_fips5,county_short,well_failure_count,mean_groundwater_elevation_ft,median_hh_income_2014,median_hh_income_2021,median_income_change_2014_2021,fallow_acres_2014,fallow_acres_2022,fallow_acreage_change_2014_2022
06019,Fresno,799,166.79387050143353,45201.0,61276.0,16075.0,245797.5,227136.5,-18661.0
06029,Kern,75,662.76997847188,48574.0,58824.0,10250.0,261393.8,108070.5,-153323.3
06031,Kings,161,137.52295794319073,47341.0,63267.0,15926.0,214689.3,159507.7,-55181.59999999998
06039,Madera,932,140.36157123451997,45490.0,66709.0,21219.0,17996.8,7604.3,-10392.5
06047,Merced,200,101.769448034442,43066.0,58861.0,15795.0,52666.6,24015.1,-28651.5
06077,San Joaquin,126,0.016853511895228348,53253.0,74962.0,21709.0,17391.9,14205.7,-3186.2000000000007
06099,Stanislaus,153,71.63121196816651,49573.0,68368.0,18795.0,6854.2,3611.9,-3242.2999999999997
06107,Tulare,1871,248.06248495743233,42863.0,57394.0,14531.0,88017.6,33209.5,-54808.100000000006
